사업자번호,마케팅종류코드,적용시작일자,적용종료일자,단체_보험_여부,최근_계약_일자,매출_금액_백만,이메일,팩스번호,산업분류코드_명,산재_비율,단체_명,대표자,전화번호,주소,도로_명_주소,산업분류코드
107-87-30029,01,20210204,99991231,,,0,tckim@gainshipping.com,02-2636-1221,화물 운송 중개 대리 및 관련 서비스업,8,(주)가인해운 ,김태철,02-2636-2222,서울 중구 순화동5-2번지 순화빌딩 1609호,서울 중구 서소문로 89, 1609호 (순화동,순화빌딩),H52992
201-81-31347,01,20210204,99991231,,,0,mjb7135@dkpco.co.kr,02-776-0217,기타 부동산 임대업,7,(주)개양 ,김진성,02-776-7641,서울 중구 명동1가60번지,서울 중구 명동3길 6 (명동1가),L68119
104-81-93907,01,20210204,99991231,,,0,marketing@kmaringroup.com ,02-319-8188,기타 운송장비 임대업,8,(주)국제선박투자운용 ,전주식,02-2090-4613,서울 중구 소공동112-44번지 극동빌딩 9층,서울 중구 남대문로5길 37, 9층 (소공동,극동빌딩),N76190
201-86-18000,01,20210204,99991231,N,,0,greenwich5366@gmail.com,02-310-5368,시계 및 귀금속 소매업,8,(주)그리니치 ,류한욱,02-310-5366,서울 중구 충무로1가52-5번지 신세계백화점본점 본관 지하1층,서울 중구 소공로 63, 본관 지하1층 (충무로1가,신세계백화점본점),G47830
105-86-00333,01,20210204,99991231,,,0,sykim@usedcontainer.co.kr,02-3406-9035,그 외 기타 기계 및 장비 도매업,8,(주)극동엠이에스 ,홍현득,02-3406-9031,서울 중구 소공동112-44번지 삼화빌딩 7층,서울 중구 남대문로5길 37, 7층 (소공동,삼화빌딩),G46599
220-81-81265,01,20210204,99991231,N,,23.6689,jkim@net-works.co.kr,02-326-2235,컴퓨터 프로그래밍 서비스업,9,(주)넷웍스 ,노건두,02-326-2277,서울 중구 무교동11번지 광일빌딩 1502호,서울 중구 다동길 5, 1502호 (무교동,광일빌딩),J62010
102-81-36588,01,20210204,99991231,,,0,magicbullet@newsis.com,02-2277-2839,뉴스 제공업,9,(주)뉴시스 ,김형기,02-2277-2838,서울 중구 충무로3가60-1번지 남산스퀘어빌딩 12층,서울 중구 퇴계로 173, 12층 (충무로3가,남산스퀘어빌딩),J63910
112-81-49789,01,20210204,99991231,N,20180927,1687.4323,dahami@dahami.com,02-593-4175,시스템 소프트웨어 개발 및 공급업,9,(주)다하미커뮤니케이션즈 ,박용립,02-593-4174,서울 중구 쌍림동146-1번지 인쇄정보센터 5층,서울 중구 마른내로 140, 5층 (쌍림동,인쇄정보센터),J58221
210-81-08684,01,20210204,99991231,Y,20170313,222.4455,,02-2269-2766,내부 전기배선 공사업,36,(주)대금이앤아이 ,김찬배,02-2269-2566,서울 중구 을지로3가259-1번지,서울 중구 을지로 148 (을지로3가),F42312
201-81-49570,01,20210204,99991231,,,0,,02-775-9751,비주거용 건물 임대업,7,(주)대선빌딩 ,김팔선,02-111-1111,서울 중구 충무로1가24-11번지,서울 중구 명동8나길 19 (충무로1가),L68112
109-81-92733,01,20210204,99991231,N,,28.4311,,02-3665-2686,의복 액세서리 및 모조 장신구 소매업,8,(주)대연코리아 ,홍경유,02-3661-4028,서울 중구 회현동1가165-3번지,서울 중구 퇴계로4길 38 (회현동1가),G47422
215-87-48927,01,20210204,99991231,N,,2939.4685,,02-778-8456,화물 운송 중개 대리 및 관련 서비스업,8,(주)더블유비엘 ,황의장,02-778-8455,서울 중구 북창동70-1번지 범화빌딩 601호,서울 중구 남대문로1길 34, 601호 (북창동,범화빌딩),H52992
711-81-00467,01,20210204,99991231,N,,0,fcs38@hanmail.net,02-561-7290,여자용 겉옷 제조업,16,(주)더커플 ,이정휴,02-564-7290,서울 중구 흥인동13-1번지 청계천두산위브더제니스 이스트동 1203호,서울 중구 다산로46길 17, 이스트동 1203호 (흥인동,청계천두산위브더제니스),C14112
101-81-86649,01,20210204,99991231,N,,1305.1288,tedk2935@bill36524.com,02-2256-0237,그 외 기타 봉제의복 제조업,16,(주)데님코리아 ,양진선,02-2256-0233,서울 중구 동화동292-45번지 신도빌딩 9층,서울 중구 다산로 220, 9층 (신당동,신도빌딩),C14199
101-81-58430,01,20210204,99991231,N,,0,WEBMASTER@DELICOOK.COM,02-723-6353,전자상거래 소매업,8,(주)델리커뮤니케이션 ,김현주,02-723-8400,서울 중구 장교동1번지 장교빌딩 1406호,서울 중구 삼일대로 363, 1406호 (장교동,장교빌딩),G47912
203-81-58134,01,20210204,99991231,Y,20161209,240.3409,,02-2232-8578,내부 통신배선 공사업,36,(주)두전네트 ,손광현,02-2232-8400,서울 중구 다산동353-130번지,서울 중구 다산로 83-1 (신당동),F42322
504-81-34919,01,20210204,99991231,,,0,web@4udbs.co.kr,053-356-0105,의료용품 도매업,8,(주)디브이몰 ,전성범,053-353-2101,서울 중구 중림동10-3번지 신흥빌딩 9층,서울 중구 청파로 450, 9층 (중림동,신흥빌딩),G46442
201-86-15755,01,20210204,99991231,N,,172.8748,dslee63@yahoo.co.kr,02-2277-8405,기타 건물 관련설비 설치 공사업,36,(주)디앤에스기술산업 ,이동선,02-2277-8404,서울 중구 주자동49-16번지 모닝팜빌딩 5층,서울 중구 삼일대로2길 70, 5층 (주자동,모닝팜빌딩),F42209
101-86-23407,01,20210204,99991231,,,0,ds_comm@naver.com,02-2266-2051,통신ㆍ방송장비 및 부품 도매업,8,(주)디앤에스씨 ,채홍대,02-2266-0730,서울 중구 충무로4가306번지 남산센트럴자이 321호,서울 중구 퇴계로 235, 321호 (충무로4가,남산센트럴자이),G46522
105-87-12549,01,20210204,99991231,N,,151.9268,,02-322-5052,철골 및 관련 구조물 공사업,36,(주)디자인서피스 ,박현석,02-702-7877,서울 중구 다산동386-7번지 3층,서울 중구 청구로 87, 3층 (신당동),F42131
110-81-71586,01,20210204,99991231,,,0,lsfood@bill36524.com,02-364-6671,기타 가공식품 도매업,8,(주)랜시푸드 ,박영종,070-7018-8811,서울 중구 순화동215번지 바비엥3 10층 1009호,서울 중구 통일로 86, 10층 1009호 (순화동,바비엥3),G46329
206-86-50534,01,20210204,99991231,N,,93.0774,dohaeyong@gmail.com,050-5459-3750,응용 소프트웨어 개발 및 공급업,9,(주)레드테이블 ,도해용,070-7519-5491,서울 중구 다동10번지 한국관광공사 8층 22호,서울 중구 청계천로 40, 8층 22호 (다동,한국관광공사),J58222
201-86-04210,01,20210204,99991231,N,,26.1421,,02-2266-9723,여행사업,8,(주)로터스테마투어 ,지귀옥,02-2266-9725,서울 중구 충무로2가50-6번지 라이온스빌딩 3256호,서울 중구 삼일대로4길 9, 3256호 (충무로2가,라이온스빌딩),N75210
101-86-04278,01,20210204,99991231,N,,410.1112,eunmi.kim@rts.co.kr,,여행사업,8,(주)리얼타임트래블솔루션 ,강승규,02-3704-2962,서울 중구 삼각동115번지 경기빌딩 12층,서울 중구 남대문로10길 9, 12층 (삼각동,경기빌딩),N75210
201-86-29486,01,20210204,99991231,N,,933.4573,,02-2263-8413,전시 컨벤션 및 행사 대행업,8,(주)마이원 ,이영진,02-2263-8412,서울 중구 예장동9번지 삼익아파트 지하2층 상가비208호,서울 중구 퇴계로30길 24, 지하2층 상가비208호 (예장동,삼익아파트),N75992
101-81-47345,01,20210204,99991231,,,0,,02-2262-5333,시스템 소프트웨어 개발 및 공급업,9,(주)마크애니 ,최종욱,02-2262-5222,서울 중구 쌍림동151-11,서울 중구 퇴계로 286 (쌍림동),J58221
104-86-46700,01,20210204,99991231,N,,0,hwang@ncpartners.kr,02-2273-8168,광고 대행업,8,(주)모우고 ,전용범,02-2268-8166,서울 중구 회현동1가208번지 남산롯데캐슬아이리스 214호,서울 중구 소공로 35, 214호 (회현동1가,남산롯데캐슬아이리스),M71310
202-81-36990,01,20210204,99991231,N,,136.964,kf8989@hanmail.net,02-2274-0011,일반 통신 공사업,36,(주)무궁화전자 ,이효형,02-2274-8989,서울 중구 입정동257-5번지,서울 중구 청계천로 126 (입정동),F42321
201-86-18897,01,20210204,99991231,N,,1377.5905,miseongfc@hanmail.net,02-594-3090,남녀용 겉옷 및 셔츠 도매업,8,(주)미성에프씨 ,신미현,02-594-3040,서울 중구 다산동432-695번지 신영빌딩 301호,서울 중구 다산로 69, 301호 (신당동,신영빌딩),G46413
259-81-00329,01,20210204,99991231,N,,249.3314,,070-8270-1482,운동 및 경기용품 도매업,8,(주)믹스스포츠 ,김민수,070-4367-1482,서울 중구 장충동1가26-9번지, 25번지, 24번지 엠타워 3층,서울 중구 장충단로 209, 3층 (장충동1가,엠타워),G46464
201-86-02492,01,20210204,99991231,N,,1737.0218,,02-2252-5836,여자용 겉옷 제조업,16,(주)밀앤아이 ,명유석,02-2252-5830,서울 중구 신당5동102-4번지,서울 중구 다산로 234 (신당동),C14112
239-88-00101,01,20210204,99991231,Y,20190730,1128.5182,Hyunbae.kim@bekeikorea.com,02-756-9114,화장품 및 화장용품 도매업,8,(주)베케이코리아 ,김현배,02-756-9113,서울 중구 남산동1가1-2번지 희성남산빌딩 9층,서울 중구 퇴계로 120, 9층 (남산동1가,희성남산빌딩),G46443
201-86-03185,01,20210204,99991231,N,,148.6465,,02-2276-1641,기타 인쇄업,10,(주)보림에스앤피 ,채연화,02-2263-4944,서울 중구 충무로5가76-2번지,서울 중구 퇴계로 238 (충무로5가),C18119
201-81-56300,01,20210204,99991231,N,,551.0004,bc2003@brandcook.com,02-771-0806,전시 컨벤션 및 행사 대행업,8,(주)브랜드쿡 ,강미숙,02-771-0805,서울 중구 정동3-7번지 성공회빌딩 4층,서울 중구 세종대로19길 16, 4층 (정동,성공회빌딩),N75992
107-87-16615,01,20210204,99991231,N,,45.9601,jhahn@ebims.co.kr,02-6455-1906,응용 소프트웨어 개발 및 공급업,9,(주)비아이엠에스 ,안재호,02-2678-1906,서울 중구 북창동70-1번지 소공동우체국 8층 803호,서울 중구 남대문로1길 34, 8층 803호 (북창동),J58222
104-86-46656,01,20210204,99991231,N,,4300.2261,bnp@bnpjssa.co.kr,02-756-3462,화물 운송 중개 대리 및 관련 서비스업,8,(주)비앤피주성 ,박진수,02-756-3460,서울 중구 필동2가124-5번지 주성2빌딩 3층,서울 중구 퇴계로36가길 86, 3층 (필동2가,주성2빌딩),H52992
201-86-05091,01,20210204,99991231,N,,151.5114,bl2278@naver.com,02-2269-8561,운동 및 경기용품 도매업,8,(주)빅라인스포츠 ,유형근,02-2278-3451,서울 중구 장충동1가35-13번지,서울 중구 장충단로6가길 15 (장충동1가),G46464
203-81-51989,01,20210204,99991231,N,,0,business@samyong.co.kr,02-2237-8879,기타 기술 시험 검사 및 분석업,8,(주)삼영검사엔지니어링 ,김두일,02-2234-1463,서울 중구 신당동355-8,서울 중구 다산로11길 19 (신당동),M72919
104-86-55816,01,20210204,99991231,N,,238.1079,jh1375@empal.com,02-2275-8035,경 인쇄업,10,(주)삼진프린테크 ,원종환,02-2277-6610,서울 중구 저동2가47-3번지 정양빌딩 3층,서울 중구 수표로12길 8, 3층 (저동2가,정양빌딩),C18111
127-86-44587,01,20210204,99991231,N,,328.1916,beholder@seowoninfo.com,02-3789-8492,시스템 소프트웨어 개발 및 공급업,9,(주)서원정보 ,서형석,02-3789-8490,서울 중구 순화동5-2번지 순화빌딩 14층 3호,서울 중구 서소문로 89, 14층 3호 (순화동,순화빌딩),J58221
106-86-62778,01,20210204,99991231,,,0,,02-795-7757,기타 인쇄업,10,(주)선명씨앤피 ,이상철,02-797-9590,서울 중구 초동42번지 아시아미디어타워 101호, 101-1호, 301호, 301-1호, 지하102호,서울 중구 충무로 29, 101호, 101-1호, 301호, 301-1호, 지하102호 (초동,아시아미디어타워),C18119
104-81-59651,01,20210204,99991231,N,,275.1734,sw0552@hanmail.net,02-2274-7847,일반 통신 공사업,36,(주)성우음향정보통신 ,송민자,02-2263-0012,서울 중구 을지로4가 9-6 대림상가 라열 454호,,F42321
201-86-25840,01,20210204,99991231,N,,1076.5944,sjpaper1@naver.com,02-6442-5539,종이 원지 판지, 종이상자 도매업,8,(주)성진페이퍼 ,임주환,02-2234-0343,서울 중구 충무로5가20-12번지 1층,서울 중구 퇴계로49길 21, 1층 (충무로5가),G46750
120-81-73219,01,20210204,99991231,N,,176.26,saewonid@kornet.net,02-508-2865,도배 실내 장식 및 내장 목공사업,36,(주)세원아이디 ,강신명,02-508-2876,서울 중구 신당3동349-127번지,서울 중구 동호로 166-3 (신당동),F42412
201-86-30310,01,20210204,99991231,,,0,rebels40@naver.com,02-3663-9552,기타 산업용 기계 및 장비 임대업,8,(주)송도헬스케어네트웍스 ,이종균,02-3663-9542,서울 중구 약수동366-144,서울 중구 다산로 72 (신당동),N76390
201-86-41253,01,20210204,99991231,N,,318.5674,,02-776-9391,화장품 제조업,13,(주)스킨메드인터내셔널 ,함정한,-7306,서울 중구 충무로2가66-7번지 4층,서울 중구 명동8가길 9-1, 4층 (충무로2가),C20423
104-86-13500,01,20210204,99991231,N,,381.7105,,02-313-9490,일반 화물 자동차 운송업,18,(주)신대양해운항공화물 ,박성실,02-313-9467,서울 중구 만리동1가35-10번지 1층, 2층,서울 중구 만리재로35길 30, 1층, 2층 (만리동1가),H49301
201-81-64076,01,20210204,99991231,N,,654.2352,ss0363@hanmail.net,02-541-2209,도배 실내 장식 및 내장 목공사업,36,(주)신성건축디자인 ,박정희,02-541-2206,서울 중구 장충동2가79-3번지 2층,서울 중구 퇴계로56길 46, 2층 (장충동2가),F42412
114-81-43063,01,20210204,99991231,,,0,shinhung@shinhung.co.kr,02-6366-2107,방사선 장치 제조업,6,(주)신흥 ,이용익,02-6366-2000,서울 중구 중림동10-3번지,서울 중구 청파로 450 (중림동),C27111
104-81-97581,01,20210204,99991231,N,,125.0703,,02-779-7179,화물 운송 중개 대리 및 관련 서비스업,8,(주)씨아이씨로지스틱스 ,강병철,02-779-7177,서울 중구 북창동70-1번지 905호,서울 중구 남대문로1길 34, 905호 (북창동),H52992
104-86-21766,01,20210204,99991231,N,,306.0547,,02-771-5583,화물 운송 중개 대리 및 관련 서비스업,8,(주)씨티씨해운항공 ,장진혁,02-771-5580,서울 중구 회현동3가11-3번지 세대빌딩 1201호,서울 중구 퇴계로 108, 1201호 (회현동3가,세대빌딩),H52992
201-81-58346,01,20210204,99991231,N,,759.5629,,070-4324-9885,그 외 기타 광고 관련 서비스업,8,(주)아이씨엠코리아 ,이호준,02-2279-8038,서울 중구 필동2가128-11번지 상전빌딩,서울 중구 필동로8길 12-9 (필동2가,상전빌딩),M71399
201-86-37384,01,20210204,99991231,N,,250.931,artindustry@naver.com,02-2256-0407,천막, 텐트 및 유사 제품 제조업,16,(주)아트인더스트리 ,이만근,02-2256-0434,서울 중구 청구동333-63번지,서울 중구 다산로20길 23 (신당동),C13224
206-86-49944,01,20210204,99991231,N,,1037.1576,rujeansk@naver.com,02-2299-2018,유아용 의류 도매업,8,(주)알유진코리아 ,주춘섭,070-4006-7284,서울 중구 다산동355-7번지 오붕빌딩 3층,서울 중구 다산로11길 25, 3층 (신당동,오붕빌딩),G46414
128-81-83711,01,20210204,99991231,,,0,anyone@ecount.co.kr,02-470-2802,음료 소매업,8,(주)애니원에프앤씨 ,봉종복,02-470-2801,서울 중구 초동18-5번지,서울 중구 마른내로 47,G47221
117-81-83481,01,20210204,99991231,N,,220.7395,anyzac02@gmail.com,,애니메이션 영화 및 비디오물 제작업,9,(주)애니작 ,이병준,02-780-1382,서울 중구 남산동2가41-2번지 신화빌딩 4층, 5층,서울 중구 퇴계로20나길 10, 4층, 5층 (남산동2가,신화빌딩),J59112
104-81-47887,01,20210204,99991231,N,,83.2661,,02-777-1494,전시 컨벤션 및 행사 대행업,8,(주)얼트씨 ,엄혁,02-777-1490,서울 중구 정동28-11번지 정동빌딩(카리스타워) 4층,서울 중구 정동길 12-11, 4층 (정동,정동빌딩(카리스타워)),N75992
106-81-28101,01,20210204,99991231,N,,468.8633,eewn@chol.com,02-850-3580,신문 발행업,9,(주)에너지경제신문사 ,정우진,02-850-0114,서울 중구 충정로1가58-3번지 청양빌딩 5층,서울 중구 새문안로 26, 5층 (충정로1가,청양빌딩),J58121
110-81-32512,01,20210204,99991231,N,,376.6988,,02-312-3321,배관 및 냉ㆍ난방 공사업,36,(주)에스아이이 ,서재문,02-364-3131,서울 중구 만리동1가62-7번지 대우서울역디오빌 224호,서울 중구 만리재로 193, 224호 (만리동1가,대우디오빌),F42201
211-88-86926,01,20210204,99991231,N,,364.8085,sigpartners@sig-partners.com,02-3483-8300,경영 컨설팅업,8,(주)에스아이지파트너스 ,유혁,02-3483-8200,서울 중구 정동15-5번지 정동빌딩 본관 1층,서울 중구 정동길 21-15, 본관 1층 (정동,정동빌딩),M71531
214-86-72903,01,20210204,99991231,N,,0,spline@bill36524.com,02-2268-9760,기타 인쇄관련 산업,10,(주)에스피라인 ,이제상,02-2268-9764,서울 중구 인현동1가115-1번지 정산빌딩 102호 ,602호,603호,서울 중구 마른내로4길 9-1, 102호 ,602호,603호 (인현동1가,정산빌딩),C18129
104-86-24900,01,20210204,99991231,N,,420.2497,ahn@lwconvention.com,02-313-2395,예식장업,9,(주)에이앤제이파트너스 ,안룡,02-313-2480,서울 중구 중림동355번지 브라운스톤서울 301호,302호,서울 중구 청파로 464, 301호,302호 (중림동,브라운스톤서울),S96991
104-81-97091,01,20210204,99991231,N,,860.2916,,02-739-7380,화물 운송 중개 대리 및 관련 서비스업,8,(주)에프앤에스로직스 ,김우초,02-739-7379,서울 중구 태평로1가76-3번지,서울 중구 세종대로21길 49 (태평로1가),H52992
105-86-67542,01,20210204,99991231,N,,804.5609,ejlee@f1ckorea.com,02-318-4670,경영 컨설팅업,8,(주)에프원컨설팅 ,이주엽,02-318-4671,서울 중구 무교동7번지 시그너스빌딩 1305호,서울 중구 무교로 28, 1305호 (무교동,시그너스빌딩),M71531
105-87-25573,01,20210204,99991231,N,,0,juhnlee71@gmail.com,02-322-8397,전자 축전기 제조업,13,(주)엑스에프씨 ,이주형,02-322-8396,서울 중구 서소문동120-20번지 동화주차빌딩 1049호,서울 중구 세종대로9길 60, 1049호,C26291
101-86-58871,01,20210204,99991231,N,,551.3999,,02-739-9405,화물 운송 중개 대리 및 관련 서비스업,8,(주)엘티에스코퍼레이션 ,박재균,02-739-9404,서울 중구 무교동1번지 효령빌딩 904호,서울 중구 무교로 32, 904호 (무교동,효령빌딩),H52992
384-87-00044,01,20210204,99991231,N,,104.6811,help@heyin.co.kr,02-739-4488,경영 컨설팅업,8,(주)연구소혜인 ,김기호,02-733-0401,서울 중구 충정로1가58-3번지 청양빌딩 7층,서울 중구 새문안로 26, 7층 (충정로1가,청양빌딩),M71531
201-81-79036,01,20210204,99991231,N,,484.383,,02-2274-6486,편조 원단 제조업,16,(주)영방 ,동광섭,02-2274-6488,서울 중구 을지로6가18-21번지 굿모닝시티쇼핑몰,서울 중구 장충단로 247 (을지로6가,굿모닝시티쇼핑몰),C13300
114-86-01582,01,20210204,99991231,,,0,hohoho1982@okmall.com,02-2278-8793,전자상거래 소매업,8,(주)오케이몰 ,장성덕,02-2175-1231,서울 중구 광희동1가216번지 광희빌딩 15층,서울 중구 퇴계로 307, 15층(광희동1가, 광희빌딩),G47912
201-86-02304,01,20210204,99991231,N,,0,ibrd@naver.com ,02-2285-6872,기타 생활용 섬유 및 직물 제품 도매업,8,(주)원웨이트레이드컴퍼니 ,김태엽,02-2285-0250,서울 중구 광희동2가303-17번지 2층,서울 중구 장충단로8가길 18-8, 2층 (광희동2가),G46419
110-86-09791,01,20210204,99991231,,,0,tax@wizione.com,02-393-0716,응용 소프트웨어 개발 및 공급업,9,(주)위지원시스템즈 ,민경철,02-393-0715,서울 중구 중림동397-9번지,서울 중구 중림로4길 6-1 (중림동),J58222
504-81-72500,01,20210204,99991231,,,0,,02-539-6138,신발 도매업,8,(주)윙스풋 ,김영천,02-539-6130,서울 중구 명동2가2-20번지 한송빌딩 7층,서울 중구 명동길 58, 7층 (명동2가,한송빌딩),G46420
201-86-42456,01,20210204,99991231,N,,233.4222,,02-6320-0002,시스템 소프트웨어 개발 및 공급업,9,(주)유앤아워스 ,엄남한,02-6320-0098,서울 중구 쌍림동151-11번지 쌍림빌딩,서울 중구 퇴계로 286 (쌍림동,쌍림빌딩),J58221
188-86-00639,01,20210204,99991231,N,,294.0611,uhan5644@naver.com,02-764-2441,귀금속 및 관련제품 제조업,13,(주)유한실버 ,이주민,02-3764-2446,서울 중구 장교동1번지 장교빌딩 제2동 11층 1107-1호,서울 중구 삼일대로 363, 제2동 11층 1107-1호 (장교동,장교빌딩),C33110
117-81-83370,01,20210204,99991231,N,,0,young9@ebiokorea.com,02-2279-5754,식물성 유지 제조업,16,(주)이바이오코리아 ,이대봉,02-2279-5753,서울 중구 예관동70-27번지 401-35호,서울 중구 창경궁로 18-1, 401-35호 (예관동),C10402
208-81-02969,01,20210204,99991231,,,0,,02-2039-6430,건축 설계 및 관련 서비스업,8,(주)정림건축종합건축사사무소 ,김기한,02-708-8600,서울 중구 남대문로4가17-19번지,서울 중구 세종대로12길 12 (남대문로4가),M72111
105-86-29548,01,20210204,99991231,N,,3860.3653,biz1@junginworld.com,02-319-5169,화물 운송 중개 대리 및 관련 서비스업,8,(주)정인월드 ,송영승,02-319-5169,서울 중구 봉래동1가4-2번지 9층,서울 중구 칠패로 46, 9층 (봉래동1가),H52992
142-81-21540,01,20210204,99991231,,,0,,02-2043-6409,도배 실내 장식 및 내장 목공사업,36,(주)제니스에스엔에이치 ,김정률,02-2043-6400,서울 중구 태평로2가150번지 부영태평빌딩 22층,서울 중구 세종대로 55, 22층 (태평로2가,부영태평빌딩),F42412
101-86-26350,01,20210204,99991231,,,0,,02-757-5665,화물 운송 중개 대리 및 관련 서비스업,8,(주)제범 ,이종윤,02-757-7700,서울 중구 무교동1번효령빌딩 501호,서울 중구 무교로 32, 501호 (무교동,효령빌딩),H52992
201-81-71539,01,20210204,99991231,,,0,jessishop@jessi.co.kr,02-3406-2737,여자용 겉옷 제조업,16,(주)제시앤코 ,전희준,02-3406-2300,서울 중구 장충동2가26-1번지,서울 중구 동호로24길 27-14 (장충동2가),C14112
109-86-28798,01,20210204,99991231,N,,821.7369,,02-6489-3832,기타 공동 주택 건설업,36,(주)제이엘공영 ,김명권,02-6489-3831,서울 중구 황학동2523번지 황학아크로타워 2층 221호,서울 중구 퇴계로 447, 2층 221호 (황학동,황학아크로타워),F41119
214-81-36218,01,20210204,99991231,,,0,CHOSH@JEILRENTCAR.CO.KR,02-555-6112,자동차 임대업,8,(주)제일렌트카 ,박태호,02-722-0100,서울 중구 순화동1-152번지,서울 중구 서소문로9길 41-10 (순화동),N76110
211-86-67930,01,20210204,99991231,N,,583.8683,alltime1026@nate.com,02-2234-4921,전자상거래 소매업,8,(주)지산글로벌 ,서창식,02-2234-4920,서울 중구 신당2동425-17번지 CG빌딩 4층,서울 중구 동호로14길 6, CG빌딩 4층 (신당동),G47912
202-81-40586,01,20210204,99991231,N,,182.9134,jisango@chol.com,02-2267-0433,배관 및 냉ㆍ난방 공사업,36,(주)지산환경개발 ,이덕기,02-2267-0231,서울 중구 수표동11-3번지 402호,서울 중구 을지로11길 29, 402호 (수표동),F42201
201-86-26271,01,20210204,99991231,N,,116.4141,,02-776-5506,화장품 비누 및 방향제 소매업,8,(주)진영인터내셔날 ,이진기,02-776-3671,서울 중구 명동2가2-12번지,서울 중구 명동10길 1 (명동2가),G47813
110-81-32297,01,20210204,99991231,N,,363.6293,c8966@chol.com,02-771-8969,내부 전기배선 공사업,36,(주)청록개발 ,배한철,02-771-8178,서울 중구 중림동355번지 브라운스톤 서울 101동 2302호,서울 중구 청파로 464, 101동 2302호 (중림동,브라운스톤서울),F42312
107-87-55898,01,20210204,99991231,N,,338.0332,,02-2279-9399,화물 운송 중개 대리 및 관련 서비스업,8,(주)코난 ,이승균,02-2279-9600,서울 중구 태평로1가76-3번지 오양수산빌딩 본관 701호,서울 중구 세종대로21길 49, 본관 701호 (태평로1가,오양수산빌딩),H52992
229-81-06512,01,20210204,99991231,,,0,gift@koreatravels.com,02-2013-1510,그 외 기타 분류 안된 금융업,6,(주)코리아트래블즈 ,박동원,02-2013-1500,서울 중구 쌍림동25-6번지 9층,서울 중구 마른내로 146, 9층 (쌍림동),K64999
105-86-60419,01,20210204,99991231,N,,0,,02-777-6473,방송 프로그램 제작업,9,(주)코빈커뮤니케이션즈 ,안희선,02-322-0156,서울 중구 충무로2가50-10번지 조양빌딩 본관 9층,서울 중구 삼일대로 308, 본관 9층 (충무로2가,조양빌딩),J59114
201-86-41137,01,20210204,99991231,N,,71.7304,7574227@hanmail.net,,번역 및 통역 서비스업,8,(주)크라운엘에스티 ,김수현,02-1566-3735,서울 중구 남산동1가12-2번지 2층,서울 중구 퇴계로18길 34, 2층 (남산동1가),M73902
104-86-52084,01,20210204,99991231,,,0,topsung1000@daum.net,02-756-8821,일반 전기 공사업,36,(주)탑성천 ,천안수,02-756-8820,서울 중구 소공동24번지 경산빌딩 401호,서울 중구 남대문로7길 11-10, 401호(소공동,경산빌딩),F42311
201-86-38082,01,20210204,99991231,N,,930.0726,,02-2253-5880,사무ㆍ상업용 및 공공기관용 건물 건설업,36,(주)탑종합건설 ,박홍열,02-2256-1001,서울 중구 무학동21번지 탑빌딩 5층,서울 중구 다산로 227, 5층 (무학동,탑빌딩),F41121
101-81-92568,01,20210204,99991231,N,,27.2821,brmin@tayangtour.com,02-725-0337,여행사업,8,(주)태양여행사 ,민병록,02-725-0078,서울 중구 태평로1가31-25번지 유성빌딩 7층 702호,서울 중구 세종대로20길 19, 7층 702호 (태평로1가,유성빌딩),N75210
101-81-93742,01,20210204,99991231,N,,0,,02-3210-2988,일반 전기 공사업,36,(주)태청 ,한은정,02-3210-2662,서울 중구 청구동340-56번지 태양맨션 402호,서울 중구 다산로18길 10, 402호 (신당동,태양맨션),F42311
201-86-14019,01,20210204,99991231,Y,20200303,378.8525,02-2233-2416,02-2233-2416,생활용 유리ㆍ요업ㆍ목재ㆍ금속 제품 및 날붙이 도매업,8,(주)트러스트컴퍼니 ,임완철,02-2233-2414,서울 중구 신당동360-3,서울 중구 동호로 191 (신당동),G46433
201-81-84596,01,20210204,99991231,N,,987.6291,,02-752-4664,화물 운송 중개 대리 및 관련 서비스업,8,(주)팜코지엘에스 ,황용하,02-752-4900,서울 중구 남대문로1가18번지 대일빌딩 7층,서울 중구 남대문로 120, 7층 (남대문로1가,대일빌딩),H52992
201-81-57522,01,20210204,99991231,N,,0,pumpkin1114@hanmail.net,02-712-8450,유리 및 창호 공사업,36,(주)펌프킨 ,김동직,02-704-1901,서울 중구 장충동1가28-1번지,서울 중구 퇴계로58길 33 (장충동1가),F42420
104-81-55432,01,20210204,99991231,,,0,finance@prain.com,02-722-2683,광고 대행업,8,(주)프레인글로벌 ,여준영,02-722-2693,서울 중구 다동140번지 패스트파이브타워 3층,4층,서울 중구 남대문로9길 24, 3층,4층 (다동,패스트파이브타워),M71310
621-81-02615,01,20210204,99991231,,,0,samhan@samhanelec.co.kr,051-527-7558,인쇄회로기판용 적층판 제조업,13,(주)프로트로닉스 ,한양구,051-529-3002,서울 중구 회현동2가87번지 쌍용남산플래티넘 2층 215호,서울 중구 소공로 46, 2층 215호 (회현동2가,쌍용남산플래티넘),C26221
622-87-00330,01,20210204,99991231,,,0,,02-2648-8293,주차장 운영업,8,(주)하이파킹 ,박현규,02-2648-8292,서울 중구 서소문동111번지 태평로빌딩 801호,서울 중구 세종대로 73, 801호 (서소문동,태평로빌딩),H52915
215-87-68689,01,20210204,99991231,N,,202.3365,mlac2875@nate.com,02-2179-9817,기타 토목 시설물 건설업,36,(주)한림건축종합건축사사무소 ,김경용,02-2048-2812,서울 중구 서소문동75번지 에나센터빌딩 705호,서울 중구 서소문로 120, 705호 (서소문동,에나센터빌딩),F41229
201-86-07935,01,20210204,99991231,N,,508.5193,hanmi-color@hanmail.net,02-2275-3759,기타 인쇄업,10,(주)한미칼라 ,한미자,02-2275-3758,서울 중구 필동3가28-18번지,서울 중구 서애로5길 17 (필동3가),C18119
201-81-66341,01,20210204,99991231,N,,124.4381,khlee@hytc.co.kr,,화물 운송 중개 대리 및 관련 서비스업,8,(주)한영트랜스 ,이경호,02-2279-2800,서울 중구 쌍림동240번지 영빈빌딩 1층,서울 중구 퇴계로56길 18, 1층 (쌍림동,영빈빌딩),H52992
105-87-82365,01,20210204,99991231,N,,958.6314,,02-3275-0325,화물 운송 중개 대리 및 관련 서비스업,8,(주)헤바로지스 ,장계용,02-3275-0323,서울 중구 장교동1번지 장교빌딩 2502호,서울 중구 삼일대로 363, 2502호 (장교동,장교빌딩),H52992
201-86-07347,01,20210204,99991231,N,,1065.0615,miero@daum.net,02-2252-5836,여자용 겉옷 제조업,16,(주)헴펠 ,명유석,02-2252-5831,서울 중구 신당5동102-4번지,서울 중구 다산로 234 (신당동),C14112
201-81-65191,01,20210204,99991231,N,,1204.5108,hpan67@empal.com,02-2267-5297,사무ㆍ상업용 및 공공기관용 건물 건설업,36,(주)흥판종합건설 ,양해수,02-2279-5298,서울 중구 필동2가76-4번지 참그루빌딩 4층 402호,서울 중구 필동로 16, 4층 402호 (필동2가,참그루빌딩),F41121
128-29-48190,01,20210204,99991231,,,0,dne@edne.co.kr,02-2237-7764,가전제품 및 부품 도매업,8,24게스트하우스명동에비뉴 ,권미영,,서울 중구 북창동134-1번지 은성빌딩 4,5,6층,서울 중구 남대문로1길 6, 4,5,6층 (북창동,은성빌딩),G46521
201-02-27514,01,20210204,99991231,N,,83.4051,,02-2264-2926,제판 및 조판업,10,IMPACT ,임현수,02-2264-2926,서울 중구 충무로4가148-8번지 세린빌딩 5층,서울 중구 퇴계로37길 18, 5층 (충무로4가,세린빌딩),C18121
201-16-75288,01,20210204,99991231,,,0,skpocad@korea.com,02-2275-7024,기타 인쇄업,10,SPELLEDIT ,노성현,02-924-7313,서울 중구 흥인동 144번지 7tree 7층 702호144번지 7tree 7층 702호,서울 중구 저동2가47-2번지,C18119
201-04-32291,01,20210204,99991231,,,0,jewonk@korea.com,02-6408-9317,전기용 기계ㆍ장비 및 관련 기자재 도매업,8,WININTERNATIONAL ,김제원,02-2684-2391,서울 중구 장충동1가38-16번지,서울 중구 장충단로8나길 8 (장충동1가),G46595
201-16-84604,01,20210204,99991231,N,,73.374,kddg0203@hanmail.net,02-2268-2170,스크린 인쇄업,10,가야인쇄 ,구자천,02-2275-2170,서울 중구 인현동1가133-2번지,서울 중구 마른내로4길 19-15 (인현동1가),C18112
123-81-46399,01,20210204,99991231,N,,0.7,,031-449-1069,토공사업,36,가토디렉션(주) ,김창훈,031-449-7549,서울 중구 충무로2가52-15번지 신민빌딩 704호,서울 중구 퇴계로 165, 704호 (충무로2가,신민빌딩),F42121
201-81-32031,01,20210204,99991231,,,0,,02-756-5393,비주거용 건물 임대업,7,고려통상(주) ,최상록,02-753-5214,서울 중구 충무로1가25-5번지,서울 중구 퇴계로 97 (충무로1가),L68112
203-81-54860,01,20210204,99991231,N,,697.7924,koryo20@empal.com,02-2232-7560,미장 타일 및 방수 공사업,36,고려특수건업(주) ,김준현,02-2232-7561,서울 중구 장충동1가38-30번지 팬원빌딩 501호,서울 중구 장충단로8길 39, 501호 (장충동1가,팬원빌딩),F42491
203-47-60354,01,20210204,99991231,N,,0,hahanut@naver.com,02-2279-5388,곡물 및 유지작물 도매업,8,공주상회 ,이정우,02-2265-0449,서울 중구 방산동1-2번지,서울 중구 을지로35길 42 (방산동),G46201
201-02-87924,01,20210204,99991231,,,0,,02-757-5970,사진기 및 사진용품 소매업,8,광일애드 ,최칠순,02-2277-2555,서울 중구 인현동1가87-19번지,서울 중구 마른내로 62,G47823
105-07-59260,01,20210204,99991231,,,0,,02-2231-8020,생활용 유리ㆍ요업ㆍ목재ㆍ금속 제품 및 날붙이 도매업,8,국경종합주방 ,송경수,02-2231-2639,서울 중구 황학동831번지,서울 중구 마장로18길 36 (황학동),G46433
104-81-37512,01,20210204,99991231,N,,993.0515,express@kbe.co.kr,02-771-5517,화물 운송 중개 대리 및 관련 서비스업,8,국보물류(주) ,전경환,02-771-5513,서울 중구 순화동1-170번지 에이스타워,서울 중구 통일로 92 (순화동,에이스타워),H52992
201-15-56343,01,20210204,99991231,,,0,,02-2275-1052,기타 인쇄관련 산업,10,권순미 디자인 ,권순미,02-2265-7870,서울 중구 인현동2가192-30번지 신성상가아파트 925호,서울 중구 마른내로 72, 925호 (인현동2가,신성상가아파트),C18129
101-86-47113,01,20210204,99991231,N,,75.6818,,02-720-8839,화물 운송 중개 대리 및 관련 서비스업,8,글로벌어시스턴스파트너스(주) ,변향심,02-723-8839,서울 중구 순화동215번지 바비엥3 412호,서울 중구 통일로 86, 412호 (순화동,바비엥3),H52992
104-86-56135,01,20210204,99991231,,,0,gtf@global-taxfree.com,,그 외 기타 금융 지원 서비스업,6,글로벌텍스프리(주) ,강진원,02-518-0837,서울 중구 충무로2가64-5번지 신일빌딩 9층,서울 중구 퇴계로 131, 9층 (충무로2가, 신일빌딩),K66199
201-09-73579,01,20210204,99991231,N,,204.0733,sung6759@naver.com,02-2266-6753,오프셋 인쇄업,10,금강기획인쇄 ,이규성,02-2266-6750,서울 중구 충무로4가148-8번지 기종빌딩 별관 303호,서울 중구 퇴계로37길 14, 별관 303호 (충무로4가,기종빌딩),C18113
201-01-32591,01,20210204,99991231,N,,0,,02-2272-0975,기타 인쇄업,10,금성문화사 ,김승룡,02-2266-0571,서울 중구 인현동2가135-4번지,서울 중구 마른내로 80,C18119
104-81-72727,01,20210204,99991231,N,,264.4766,,02-756-7653,상품 종합 도매업,8,기세케앤데브린트커런시테크놀로지코리아(주) ,김재홍,02-756-7651,서울 중구 충무로1가25-5번지 고려대연각타워 1502호,서울 중구 퇴계로 97, 1502호 (충무로1가,고려대연각타워),G46800
201-86-31022,01,20210204,99991231,N,,1663.4302,gifti@gifti.co.kr,,문구용 종이제품 제조업,20,기프트인포(주) ,김형택,02-2268-4154,서울 중구 충무로5가36-1번지 대박빌딩 6,7,8층,서울 중구 퇴계로45길 22-24, 6,7,8층 (충무로5가,대박빌딩),C17901
202-81-41983,01,20210204,99991231,,,0,lyh57460@samkoo.com,02-817-5589,임시 및 일용 인력 공급업,8,나사산업안전(주) ,문영덕,02-828-3939,서울 중구 수표동99번지 시그니쳐타워 동관 6층,서울 중구 청계천로 100, 동관 6층 (수표동,시그니쳐타워),N75121
201-17-32684,01,20210204,99991231,,,0,nowandt@nate.com,02-2264-1409,제품 디자인업,8,나우앤티 ,김일수,02-2266-1409,서울 중구 필동3가28-10번지 선일빌딩별관 별관 4층 401호,서울 중구 서애로5길 10, 별관 4층 401호 (필동3가,선일빌딩별관),M73202
219-81-08148,01,20210204,99991231,N,,778.1771,nobilpss@hanmail.net,02-2232-9030,가정용 및 장식용 도자기 제조업,13,노빌코리아(주) ,박상수,02-2232-9070,서울 중구 황학동1464번지,서울 중구 마장로15길 11 (황학동),C23221
105-86-84804,01,20210204,99991231,N,,259.3591,ceo@newdaily.co.kr,02-702-2079,신문 발행업,9,뉴데일리(주) ,인보길,02-6919-7000,서울 중구 남대문로5가120번지 단암빌딩 3층,서울 중구 소월로 10, 3층 (남대문로5가,단암빌딩),J58121
134-30-18682,01,20210204,99991231,,,0,,02-752-9038,남녀용 겉옷 및 셔츠 도매업,8,뉴스탠다드 ,허신구,070-4135-0038,서울 중구 남산동2가36-1번지,서울 중구 퇴계로18길 49 (남산동2가),G46413
605-81-70799,01,20210204,99991231,N,,668.0916,,02-3670-7112,비계 및 형틀 공사업,36,뉴텍비넷건설(주) ,심철우,02-3670-7170,서울 중구 저동2가73-4번지 저동빌딩 3층,서울 중구 마른내로 18, 3층 (저동2가,저동빌딩),F42137
431-66-00082,01,20210204,99991231,N,,263.2034,,02-2232-2640,직물 도매업,8,니드텍스 ,한성수,070-7785-2640,서울 중구 신당5동52-8번지 1층 101호 (가칭 103호1/2),서울 중구 다산로36가길 10, 1층 101호 (가칭 103호1/2) (신당동),G46742
201-86-22256,01,20210204,99991231,,,0,dada3520@hanmail.net,02-2236-3522,의복 액세서리 및 모조 장신구 도매업,8,다다실업(주) ,김명수,02-2236-3520,서울 중구 신당4동335-5번지,서울 중구 다산로18길 33 (신당동),G46417
201-19-72263,01,20210204,99991231,N,,222.7539,dawoori2000@korea.com,02-2264-6294,기타 인쇄업,10,다우리 ,최성환,02-2264-6294,서울 중구 충무로4가46-1번지 G동 1층,서울 중구 창경궁로1길 22, G동 1층 (충무로4가),C18119
201-10-65871,01,20210204,99991231,N,,133.5813,msplan80@hanmail.net,02-2279-9917,간판 및 광고물 제조업,13,단하루 ,오병용,,서울 중구 신당5동112-2번지 창호빌딩 6층,서울 중구 다산로42길 18, 6층 (신당동,창호빌딩),C33910
202-01-50684,01,20210204,99991231,N,,0,,02-412-9779,생활용 포장 및 위생용품 봉투 및 유사 제품 도매업,8,대영지류상사 ,이성종,02-412-9779,서울 중구 을지로3가104-11번지 301호,서울 중구 충무로9길 8, 301호 (을지로3가),G46451
201-25-65953,01,20210204,99991231,N,,64.8999,sueng10000@hanmail.net,02-2273-7970,기타 인쇄업,10,대정문화인쇄사 ,안병철,02-2273-7970,서울 중구 인현동1가114-2번지,서울 중구 마른내로4길 11(인현동1가),C18119
110-81-41248,01,20210204,99991231,Y,20200402,2613.9553,,02-757-5427,기타 항공 운송지원 서비스업,8,대주항운(주) ,김석규,02-319-9196,서울 중구 서소문동47-2번지 한산빌딩 5층,서울 중구 서소문로 115, 5층 (서소문동,한산빌딩),H52939
201-02-84591,01,20210204,99991231,N,,0,,02-3398-5308,기타 화학 물질 및 화학제품 도매업,8,대지상사 ,김영수,,서울 중구 광희동2가51번지,서울 중구 퇴계로63길 3 (광희동2가),G46739
202-01-08906,01,20210204,99991231,N,,0,,02-2266-2910,기타 화학 물질 및 화학제품 도매업,8,대흥상사 ,이강덕,02-2266-8701,서울 중구 수표동56-11번지,서울 중구 을지로9길 14 (수표동),G46739
129-37-65799,01,20210204,99991231,N,,84.3771,sales02.mining@outlook.com,02-776-1657,의복 액세서리 및 모조 장신구 도매업,8,더미닝 ,김현철,070-7787-1657,서울 중구 회현동1가99-7번지 회현동빌딩 202호,서울 중구 퇴계로4길 41, 202호 (회현동1가,회현동빌딩),G46417
104-07-54656,01,20210204,99991231,,,0,jangbog@empal.com,02-3789-0494,의약품 도매업,8,덴탈존 ,장보균,070-4226-0494,서울 중구 순화동151번지 포스코더샵 410동 1호,서울 중구 칠패로 27, 410동 1호 (순화동,포스코더샵),G46441
201-14-55013,01,20210204,99991231,,,0,Dodoqueen17@naver.com,,남녀용 겉옷 및 셔츠 도매업,8,도도퀸 ,김도희,02-117-8088,서울 중구 신당동193-2번지 디오트 3층 3에이-02호,서울 중구 다산로 293 3층 3에이-02호 (신당동, 디오트),G46413
201-86-44250,01,20210204,99991231,,,0,,02-319-1180 ,완제 의약품 제조업,13,동광제약(주) ,장만식,02-776-7641,서울 중구 충무로1가25-5번지 고려대연각센터빌딩12층,서울 중구 퇴계로 97 (충무로1가,고려대연각센터빌딩12층),C21210
105-81-69749,01,20210204,99991231,Y,20150803,658.7785,,02-2190-8450,응용 소프트웨어 개발 및 공급업,9,동방에스앤디(주) ,정규하,02-2190-8400,서울 중구 소공동32-7번지 한진빌딩 22층,서울 중구 남대문로 63, 22층 (남대문로2가,한진빌딩),J58222
201-81-65207,01,20210204,99991231,N,,247.4886,changsikham@hanafn.com,02-771-0484,화물 운송 중개 대리 및 관련 서비스업,8,동보국제운송(주) ,정재흥,02-771-0484,서울 중구 남창동169-2,서울 중구 퇴계로 36 (남창동),H52992
203-81-51844,01,20210204,99991231,N,,150.2762,,02-2253-6131,지정 폐기물 수집, 운반업,8,동보환경(주) ,송용호,02-2234-1072,서울 중구 신당동844번지 남산타운아파트2상가 207호,서울 중구 다산로 32, 207호 (신당동,남산타운아파트2상가),E38120
203-81-50199,01,20210204,99991231,N,,5205.3602,dne@edne.co.kr,02-2237-7764,가전제품 및 부품 도매업,8,디앤이(주) ,채상훈,02-2237-7766,서울 중구 신당동292-48번지,서울 중구 다산로 212 (신당동),G46521
104-06-75052,01,20210204,99991231,,,0,,02-2279-0147,의복 액세서리 및 모조 장신구 도매업,8,디에스아이엔씨 ,반현국,02-2279-0145,서울 중구 을지로5가273-4번지 광희학원빌딩 402동 404호,서울 중구 동호로 359, 402동 404호 (을지로5가,광희학원빌딩),G46417
120-81-59478,01,20210204,99991231,,,0,soon.an@exel.com,02-6220-1590,화물 운송 중개 대리 및 관련 서비스업,8,디에이치엘서플라이체인코리아(주) ,에드문드흐시웅체휘,02-6220-1500,서울 중구 충무로1가21-1번지 서울중앙우체국청사 B동 17층,서울 중구 소공로 70, B동 17층 (충무로1가,서울중앙우체국청사),H52992
201-05-76734,01,20210204,99991231,N,,0,sl5167@hanmail.net,02-2273-5168,기타 인쇄업,10,디자인세륜 ,홍필순,02-2273-5167,서울 중구 인현동2가192-30번지 신성상가아파트 926호,서울 중구 마른내로 72, 926호 (인현동2가,신성상가아파트),C18119
104-04-85987,01,20210204,99991231,N,,0,,02-757-5970,사진기 및 사진용품 소매업,8,디지탈창신 ,한해영,02-757-5971,서울 중구 남대문로4가18-1번지 영화빌딩 403호 -A호,서울 중구 남대문로 12, 403호 -A호 (남대문로4가,영화빌딩),G47823
104-04-81701,01,20210204,99991231,N,,45.0689,sungyj@chol.com,,시스템 소프트웨어 개발 및 공급업,9,또모 ,성윤정,02-6052-5506,서울 중구 만리동1가62-15번지 중림수산 2층,서울 중구 만리재로33길 22, 2층 (만리동1가,중림수산),J58221
201-86-18863,01,20210204,99991231,N,,0,,02-512-7414,남녀용 겉옷 및 셔츠 도매업,8,라우렐코리아(주) ,김선정,02-545-2670,서울 중구 남산동3가30-7 스타빌딩 2층 202호,서울 중구 소파로 141, 2층 202호 (남산동3가,스타빌딩),G46413
120-10-69490,01,20210204,99991231,,,0,jang0944@korea.com,02-2277-0110,일반 전기 공사업,36,라이어트(riot) ,이동기,070-8210-1122,서울 중구 필동2가118 서울빌딩 2층,서울 중구 필동로 48, 2층 (필동2가,서울빌딩),F42311
210-13-58389,01,20210204,99991231,,,0,leapcompany@naver.com,02-703-7108,생활용 유리ㆍ요업ㆍ목재ㆍ금속 제품 및 날붙이 도매업,8,리프컴퍼니 ,최생규,02-703-7107,서울 중구 남대문로4가18-1번지 1003-A호,서울 중구 남대문로 12, 1003-A호 (남대문로4가),G46433
110-81-03069,01,20210204,99991231,N,,708.4357,ewha75@chol.com,02-312-7405,미장 타일 및 방수 공사업,36,리화공업(주) ,유재창,02-392-0451,서울 중구 만리동1가53-7번지,서울 중구 만리재로35길 34 (만리동1가,고봉빌딩),F42491
102-81-36797,01,20210204,99991231,,,0,,02-398-2250,그 외 기타 금융 지원 서비스업,6,마스터카드인터내셔날코리아(주) ,최동천,02-398-2200,서울 중구 태평로1가84번지 파이낸스빌딩 16층,서울 중구 세종대로 136, 16층 (태평로1가,파이낸스빌딩),K66199
201-86-43227,01,20210204,99991231,N,,261.2847,contact@mibank.me,030-3344-0137,포털 및 기타 인터넷 정보 매개 서비스업,9,마이뱅크(주) ,고용,02-2273-1375,서울 중구 충무로3가60-1번지 남산스퀘어,서울 중구 퇴계로 173 (충무로3가,남산스퀘어),J63120
214-86-93422,01,20210204,99991231,Y,20160429,485.0628,seo-jin@seo-jin.com,02-2231-3604,통신ㆍ방송장비 및 부품 도매업,8,맥슨전자(주) ,김덕수,02-2231-3607,서울 중구 동화동292-33번지,서울 중구 청구로6길 58 (신당동,서진빌딩),G46522
201-27-60383,01,20210204,99991231,N,,229.8308,mm777@chol.com,02-2269-7240,경 인쇄업,10,명문인쇄공사 ,목윤상,02-2275-5373,서울 중구 오장동69-2번지 1층,서울 중구 을지로32길 42, 1층 (오장동),C18111
203-51-61520,01,20210204,99991231,N,,0,,02-272-1349,플라스틱 포대, 봉투 및 유사제품 제조업,13,명일화학 ,강정현,02-272-9233,서울 중구 을지로5가143-1번지 1층,서울 중구 을지로38길 24-1, 1층 (을지로5가),C22231
201-02-94653,01,20210204,99991231,N,,0,,02-2234-5105,문구용품, 회화용품, 사무용품 도매업,8,모닝글로리약수점 ,김소예,02-2234-5105,서울 중구 신당3동373-70번지 1층,서울 중구 동호로10길 11, 1층 (신당동),G46452
203-76-61125,01,20210204,99991231,,,0,,02-2237-1237,기타 건물 관련설비 설치 공사업,36,미도기업 ,이기권,,서울 중구 신당5동851번지 래미안하이베르 상가동 1층 102호,서울 중구 퇴계로90길 74, 상가동 1층 102호 (신당동,래미안하이베르),F42209
110-81-04433,01,20210204,99991231,,,0,ok7700@hanmail.net,02-755-1207,화학용 및 비료 원료용 광물 광업,57,민경산업(주) ,이대규,02-752-7155,서울 중구 서소문동57-7번지,서울 중구 서소문로 101 (서소문동),B07210
201-03-82606,01,20210204,99991231,,,0,,02-2275-9996,기타 인쇄업,10,민영 ,김현빈,02-2275-9991,서울 중구 충무로5가19-1번지 행복빌딩 2층 201호,서울 중구 퇴계로49길 35, 2층 201호 (충무로5가,행복빌딩),C18119
201-04-49638,01,20210204,99991231,N,,0,agvkorea@hotmail.com,02-2267-9975,모터사이클 및 부품 도매업,8,바이코스 ,김효석,02-2268-9974,서울 중구 묵정동27-1번지 보림빌딩 103,104호,서울 중구 퇴계로 264, 103,104호 (묵정동,보림빌딩),G45301
214-88-34811,01,20210204,99991231,,,0,sycho@groupe-bel.com,02-516-7755,낙농품 및 동ㆍ식물성 유지 도매업,8,벨치즈코리아(유) ,프랑수아자비에모로,02-512-6643,서울 중구 태평로1가84번지 파이낸스빌딩 15층,서울 중구 세종대로 136, 15층 (태평로1가,파이낸스빌딩),G46324
202-81-02146,01,20210204,99991231,,,0,,02-776-6084,비주거용 건물 임대업,7,보승실업(주) ,김지윤,02-776-6873,서울 중구 을지로2가163-3번지,서울 중구 을지로 80-1 (을지로2가),L68112
138-53-00242,01,20210204,99991231,N,,2442.4692,,02-6271-5030,남녀용 겉옷 및 셔츠 도매업,8,보이런던홀딩스 ,김갑기,,서울 중구 회현동1가206번지 리더스뷰남산 2층,서울 중구 퇴계로 72, 2층(회현동1가, 리더스뷰남산),G46413
202-19-92938,01,20210204,99991231,N,,0,,02-2278-1985,철물 금속 파스너 및 수공구 도매업,8,부흥상사 ,박창득,02-2272-2041,서울 중구 입정동232번지,서울 중구 충무로11길 2-1 (입정동),G46622
202-16-80862,01,20210204,99991231,,,0,samgikim@hanmail.net,02-2271-3113,내부 통신배선 공사업,36,삼기정보통신 ,김수봉,02-2272-2691,서울 중구 저동2가7-2번지 저동빌딩 302호,서울 중구 을지로12길 28, 302호 (저동2가,저동빌딩),F42322
201-81-48227,01,20210204,99991231,Y,20031224,194.5692,ljok76@hanmail.net,02-2272-6070,내부 전기배선 공사업,36,삼대전기(주) ,이정범,02-2272-9876,서울 중구 인현동2가192-30번지 신성상가아파트 517호,서울 중구 마른내로 72, 517호 (인현동2가,신성상가아파트),F42312
202-15-98685,01,20210204,99991231,N,,0,,02-2268-9211,기타 인쇄업,10,삼삼문화 ,윤천기,02-2277-5991,서울 중구 을지로4가316-1번지 301호,서울 중구 을지로20길 10-4, 301호 (을지로4가),C18119
202-10-98604,01,20210204,99991231,N,,54.2769,ybk52@korea.com,02-2278-6189,철물 금속 파스너 및 수공구 도매업,8,삼성기업 ,양봉규,02-2266-1675,서울 중구 수표동56-6번지,서울 중구 삼일대로12길 21 (수표동),G46622
104-86-21688,01,20210204,99991231,Y,20200207,11328.8691,sjm@samjoomaritime.com,02-755-0909,화물 운송 중개 대리 및 관련 서비스업,8,삼주마리타임(주) ,김정균,02-755-0071,서울 중구 순화동5-2번지 순화빌딩 13층,서울 중구 서소문로 89, 13층 (순화동,순화빌딩),H52992
272-32-00339,01,20210204,99991231,,,0,drjyn1@hanmail.net,02-2232-8496,의약품 및 의료용품 소매업,8,상산약국 ,전윤나,070-4211-3354,서울 중구 황학동719번지 1층,서울 중구 퇴계로 435, 1층 (황학동),G47811
217-81-00359,01,20210204,99991231,,,0,pkyoungwoo@sempio.com,02-2279-9932,지주회사,6,샘표(주) ,박진선,02-3393-5435,서울 중구 필동1가51-5,서울 중구 충무로 2 (필동1가),K64992
110-01-27415,01,20210204,99991231,,,0,,02-2272-2806,가정용 액체 연료 소매업,8,서울석유 ,김동성,02-2273-4016,서울 중구 예관동70-19번지,서울 중구 퇴계로45길 23 (예관동),G47722
211-87-23716,01,20210204,99991231,,,0,yes718@korea.com,02-777-6473,방송 프로그램 제작업,9,서울에스티비(주) ,안희선,02-726-7474,서울 중구 충무로2가50-10번지 조양빌딩 본관 9층,서울 중구 삼일대로 308, 본관 9층 (충무로2가,조양빌딩),J59114
558-47-00130,01,20210204,99991231,,,0,,0303-2-0551,의약품 및 의료용품 소매업,8,서울하이약국 ,윤여진,,서울 중구 남대문로5가6-9번지 1, 2층,서울 중구 세종대로 11-1 1, 2층(남대문로5가),G47811
104-07-77381,01,20210204,99991231,N,,0,stkimseoil@naver.com,02-2264-3374,그 외 기타 건축자재 도매업,8,서일상사 ,김성태,02-2264-3330,서울 중구 을지로3가95-6번지 길영빌딩 208호,서울 중구 충무로9길 14, 208호 (을지로3가,길영빌딩),G46699
201-23-67170,01,20210204,99991231,,,0,,02-2267-6356,기타 인쇄업,10,선우인쇄금박 ,이종민,02-2277-4105,서울 중구 충무로5가2-19번지,서울 중구 마른내로12길 17-2 (충무로5가),C18119
206-14-56813,01,20210204,99991231,,,0,,02-2267-8852,단추 및 유사 파스너 제조업,13,성민레이져 ,김원태,02-2267-8895,서울 중구 광희동1가194-2번지 3층,서울 중구 마른내로 169, 3층 (광희동1가),C33991
201-29-67658,01,20210204,99991231,N,,0,,02-2273-6106,경 인쇄업,10,성보기획 ,선명규,02-2267-5359,서울 중구 광희동1가76-2번지,서울 중구 을지로40길 31 (광희동1가),C18111
201-01-52281,01,20210204,99991231,N,,77.555,kyd9032@hanmail.net,02-2263-7385,기록매체 복제업,10,성심기획출력센타 ,강영덕,02-2263-7365,서울 중구 인현동1가132-1번지 월드빌딩 2층,서울 중구 마른내로4길 25-7, 2층 (인현동1가,월드빌딩),C18200
201-81-54559,01,20210204,99991231,N,,1056.098,,02-723-3503,화물 운송 중개 대리 및 관련 서비스업,8,세겜해운항공(주) ,김종관,02-757-2540,서울 중구 다동92번지 다동빌딩 501호,서울 중구 다동길 46, 501호 (다동,다동빌딩),H52992
201-81-23304,01,20210204,99991231,,,0,world5126@hanmail.net,02-2275-0030,기타 인쇄업,10,세계문화(주) ,송춘식,02-2275-7733,서울 중구 필동2가81-6번지 세정아이티빌딩,서울 중구 퇴계로36가길 10 (필동2가,세정아이티빌딩),C18119
104-81-40244,01,20210204,99991231,N,,18.3068,ceramicbank@163.com,02-755-6377,1차 금속제품 도매업,8,세라믹뱅크(주) ,왕증권,02-755-6372,서울 중구 회현동1가147-6,서울 중구 퇴계로12길 81 (회현동1가),G46721
105-81-67552,01,20210204,99991231,,,0,JuMi.JM.Lee@sc.com,02-2124-4166,경영 컨설팅업,8,세빌스코리아(주) ,이수정,02-2124-4114,서울 중구 태평로1가84번지 서울파이낸스빌딩 13층,서울 중구 세종대로 136, 13층 (태평로1가,파이낸스빌딩),M71531
105-22-40560,01,20210204,99991231,,,0,,02-702-6141,의복 액세서리 및 모조 장신구 도매업,8,세종플러스 ,이준용,02-702-6140,서울 중구 필동3가39-13번지 304호,서울 중구 서애로5길 12-20, 304호(필동3가 성운빌딩),G46417
203-39-91997,01,20210204,99991231,N,,113.6623,j-sehwa@hanmail.net,,자수제품 및 자수용 재료 제조업,16,세화기획 ,정상섭,02-2268-8336,서울 중구 주교동67 2층 202호, 3층 302호,,C13222
126-22-96061,01,20210204,99991231,N,,0,amy705@hanmail.net,,남녀용 겉옷 및 셔츠 도매업,8,셀럽이슈 ,유형근,02-2117-4815,서울 중구 신당동193-2번지 디오트 1층 1에이치-12호,서울 중구 다산로 293 1층 1에이치-12호 (신당동, 디오트),G46413
104-05-75453,01,20210204,99991231,,,0,,02-3406-9332,패션 섬유류 및 기타 전문 디자인업,8,소야(SOYA) ,이옥겸,02-3406-9330,서울 중구 저동2가78번지 을지로비즈센터 709호,서울 중구 수표로 45, 709호 (저동2가,을지로비즈센터),M73209
211-86-45538,01,20210204,99991231,N,,236.3558,sokim@sans.co.kr,02-779-6013,시스템 소프트웨어 개발 및 공급업,9,솔루션앤서비스(주) ,강순우,02-779-6010,서울 중구 순화동5-2 순화빌딩 1410호,서울 중구 서소문로 89 순화빌딩 1410호,J58221
104-04-89566,01,20210204,99991231,,,0,,02-2277-0116,기타 생활용 섬유 및 직물 제품 도매업,8,송월상사 ,황보성목,02-2266-0116,서울 중구 주교동19-1번지 방산종합시장 1층 1102호,서울 중구 동호로37길 20, 1층 1102호 (주교동,방산종합시장),G46419
203-81-48918,01,20210204,99991231,Y,20191217,0,susung-01@hanmail.net,02-2235-1769,내부 전기배선 공사업,36,수성전척(주) ,강관수,02-2238-9904,서울 중구 황학동624번지,서울 중구 퇴계로87길 17 (황학동),F42312
128-28-13656,01,20210204,99991231,,,0,kikiru80@naver.com,02-923-2779,남녀용 겉옷 및 셔츠 도매업,8,스타카루 ,정보람,02-923-2778,서울 중구 장충동2가187-24번지 501호,서울 중구 동호로24길 23-3, 501호 (장충동2가),G46413
684-95-00634,01,20210204,99991231,,,0,83ehansang@gmail.com,02-2232-2801,일반의원,6,신당스카이정형외과 ,이한상,02-2232-2800,서울 중구 황학동2523번지 황학 아크로타워 3층 310호,311호,312호,서울 중구 퇴계로 447, 황학 아크로타워 3층 310호,311호,312호 (황학동),Q86201
202-17-75629,01,20210204,99991231,N,,0,,02-2268-3646,전기용 기계ㆍ장비 및 관련 기자재 도매업,8,신성전기 ,김유수,02-2268-3739,서울 중구 입정동59번지,서울 중구 을지로17길 27 (입정동),G46595
201-21-70249,01,20210204,99991231,N,,38.3837,hhs6186@naver.com,02-2275-1601,기타 인쇄업,10,신영 ,한흥수,02-2275-1600,서울 중구 오장동90-3번지 덕천빌딩 401호,서울 중구 마른내로12길 6, 401호,C18119
202-01-28426,01,20210204,99991231,N,,0,,02-2277-4572,그 외 기타 기계 및 장비 도매업,8,신일상사 ,김양민,02-2277-4571,서울 중구 입정동258번지 동명빌딩 805호,서울 중구 청계천로 124, 805호 (입정동,동명빌딩),G46599
201-81-90424,01,20210204,99991231,N,,90.2481,,02-2237-6853,도배 실내 장식 및 내장 목공사업,36,신창에이앤씨건설(주) ,신상윤,02-2237-6851,서울 중구 신당2동357-3번지 2층 1호,서울 중구 동호로15길 21-7, 2층 1호 (신당동),F42412
769-86-00011,01,20210204,99991231,N,,0,sj.kim@silkwood.co.kr,,방송 프로그램 제작업,9,실크우드(주) ,김한양,02-305-0038,서울 중구 다산동355-4번지 3층,4층,서울 중구 동호로 195-15, 3층,4층 (신당동),J59114
201-12-69115,01,20210204,99991231,N,,114.8913,cecilyew@hanmail.net,02-776-9579,근무복, 작업복 및 유사 의복 제조업,16,쎄실유 ,유성희,02-776-8356,서울 중구 남산동2가47번지 3층,서울 중구 퇴계로20나길 28, 3층 (남산동2가),C14192
104-86-35993,01,20210204,99991231,N,,464.7001,,02-2263-2200,화물 운송 중개 대리 및 관련 서비스업,8,씨엘로지스틱스(주) ,최윤명,02-2269-2200,서울 중구 을지로3가5-6번지 칠보빌딩 9층,서울 중구 을지로 109, 9층 (을지로3가,칠보빌딩),H52992
130-37-92938,01,20210204,99991231,,,0,iamcap@iamcap.com,02-2254-3302,전자상거래 소매업,8,아이엠 ,김지훈,02-2254-3303,서울 중구 신당2동430-2번지 여흥회관 202호,서울 중구 동호로15길 5, 202호 (신당동,여흥회관),G47912
130-16-53959,01,20210204,99991231,N,,639.3324,multier@hanmail.net,032-679-3146,그 외 기타 달리 분류되지 않은 제품 제조업,13,아즈나브르 ,정대욱,032-671-4495,서울 중구 남대문로5가118번지 제분회관,서울 중구 소월로 8 (남대문로5가,제분회관),C33999
120-81-82737,01,20210204,99991231,,,0,onygad@onycom.com,02-541-0090,시스템 소프트웨어 개발 및 공급업,9,어니컴(주) ,양인집,02-541-0080,서울 중구 태평로1가60-17 태성빌딩 4층,서울 중구 세종대로21길 22, 4층 (태평로1가,태성빌딩),J58221
120-87-72115,01,20210204,99991231,,,0,,02-2112-6210,기타 금융 투자업,6,에스비아이에이에프(주) ,나카노코지,02-2112-6264,서울 중구 수하동67번지 미래에셋센터원빌딩 동관 9층,서울 중구 을지로5길 26, 동관 9층 (수하동,미래에셋센터원빌딩),K64209
209-81-14852,01,20210204,99991231,Y,20160512,890.179,ka1799@naver.com,02-2237-7387,기타 토목 시설물 건설업,36,에스트건설(주) ,김수관,02-2232-6300,서울 중구 신당2동359-6번지 영진빌딩 2층,서울 중구 동호로 195, 2층 (신당동,영진빌딩),F41229
220-81-46351,01,20210204,99991231,,,0,sunghyo.shin@exxonmobil.com,02-3671-5150,액체 연료 및 관련제품 도매업,8,에쏘석유코리아(주) ,정현대,02-3671-5056,서울 중구 남대문로5가541번지 서울스퀘어 22층,서울 중구 한강대로 416, 22층 (남대문로5가,서울스퀘어),G46712
201-81-54767,01,20210204,99991231,,,0,,02-2277-3584,보험 대리 및 중개업,6,에이온코리아보험중개(주) ,김규정,02-2260-2600,서울 중구 수하동67번지 센터원빌딩 동관 29층,서울 중구 을지로5길 26, 동관 29층 (수하동,센터원빌딩),K66202
301-06-82552,01,20210204,99991231,,,0,,031-751-1553,의복 액세서리 및 모조 장신구 도매업,8,엔디케이 ,신성일,070-8225-1553,서울 중구 신당동776 B1층 85,86 서울운동장평화시장,서울 중구 마장로 19, 서울운동장평화시장 (신당동, B1층 85,86),G46417
201-02-82711,01,20210204,99991231,,,0,ntg4063@naver.com,02-2291-4064,남녀용 겉옷 및 셔츠 도매업,8,엔티지(NTG) ,노응환,02-2291-4063,서울 중구 신당1동217-91번지 청평화시장 가동 2층 12호,서울 중구 청계천로 334, 가동 2층 12호 (신당동,청평화시장),G46413
104-06-11193,01,20210204,99991231,,,0,,02-2266-6426,전기용 기계ㆍ장비 및 관련 기자재 도매업,8,엘림미디어 ,노병호,02-2266-6420,서울 중구 을지로4가9-6번지 대림상가 1층 라-162,서울 중구 을지로 157, 1층 라-162 (을지로4가,대림상가),G46595
339-41-00162,01,20210204,99991231,N,,160.0842,msplan80@hanmail.net,02-2279-9917,간판 및 광고물 제조업,13,엠에스플랜 ,양만식,02-2279-9916,서울 중구 을지로3가291-42번지 1층,서울 중구 충무로 52-2, 1층 (을지로3가),C33910
202-01-25190,01,20210204,99991231,N,,0,ykjm6463@hanmail.net,02-2275-6463,알루미늄 주물 주조업,13,영광주물 ,김홍열,02-2266-6463,서울 중구 을지로3가225-6번지,서울 중구 을지로15길 6-7 (을지로3가),C24321
201-13-74143,01,20210204,99991231,N,,0,1newys@naver.com,02-2231-5472,그 외 기타 종합 소매업,8,영신무역 ,김종원,02-2231-5471,서울 중구 신당4동340-54번지 수창빌딩 103호,서울 중구 다산로20길 12, 103호 (신당동,수창빌딩),G47190
203-71-77980,01,20210204,99991231,,,0,,02-2232-2640,직물 도매업,8,영신주방 ,이종운,02-2233-7577,서울 중구 황학동1395번지,서울 중구 마장로 103-2 (황학동),G46742
203-81-64335,01,20210204,99991231,,,0,yeprinting@korea.com,02-2278-4645,기타 인쇄업,10,영은문화(주) ,이건호,02-2274-9250,서울 중구 필동2가78-8번지 영은빌딩 2층,서울 중구 퇴계로36가길 9, 2층 (필동2가,영은빌딩),C18119
101-03-09270,01,20210204,99991231,N,,323.3761,yjtmb@naver.com,02-2266-7978,의복 액세서리 및 모조 장신구 도매업,8,영정티엠비 ,조영진,02-2267-2944,서울 중구 주교동123-1번지 123통 8반 세진빌딩 7층,서울 중구 창경궁로 67, 7층 (주교동,세진빌딩),G46417
104-81-41995,01,20210204,99991231,,,0,,02-6288-1001,시스템 소프트웨어 개발 및 공급업,9,오씨아이정보통신(주) ,박태하,02-6288-1000,서울 중구 소공동50번지 OCI주식회사 8층,서울 중구 소공로 94, 8층 (소공동,OCI주식회사),J58221
214-86-59803,01,20210204,99991231,Y,20190423,211.2011,,02-6204-3891,기타 금융 투자업,6,오퍼스프라이빗에퀴티(주) ,김정호,02-6204-3890,서울 중구 정동15-5번지 정동빌딩 15층,서울 중구 정동길 21-15, 15층 (정동,정동빌딩),K64209
218-81-02888,01,20210204,99991231,N,,1918.5167,dirtree@dreamwiz.com,02-757-5739,기타 부동산 개발 및 공급업,7,외향산업(주) ,손창석,02-779-5735,서울 중구 다동70번지,서울 중구 다동길 43 (다동,한외빌딩),L68129
202-81-52516,01,20210204,99991231,,,0,nothing1108@hotmail.com,02-2264-6988,신용 조사 및 추심 대행업,8,우리신용정보(주) ,조수형,02-2262-5800,서울 중구 수표동27-1번지,서울 중구 을지로11길 15 (수표동,동화빌딩),N75993
211-88-50904,01,20210204,99991231,,,0,wrw0101@wooriwa.com,02-512-3563,사료 도매업,8,우리와(주) ,김기민,02-6003-2100,서울 중구 남대문로4가45번지 대한서울상공회의소회관 3층,서울 중구 세종대로 39, 3층 (남대문로4가,대한서울상공회의소회관),G46203
202-14-97995,01,20210204,99991231,N,,88.9,,02-2268-1341,배전반 및 전기 자동제어반 제조업,13,원강계전 ,윤애경,02-2264-0370,서울 중구 을지로3가241-16번지,서울 중구 을지로 145 (을지로3가),C28123
201-21-69311,01,20210204,99991231,N,,207.227,hangtag@korea.com,02-2278-6563,기타 인쇄업,10,원일프린팅 ,김영우,02-2278-6564,서울 중구 충무로4가133-19번지,서울 중구 충무로2길 32-8 (충무로4가),C18119
201-86-14794,01,20210204,99991231,N,,222.4909,,02-2268-5181,일반 전기 공사업,36,원진전력(주) ,이희동,02-2268-5182,서울 중구 예장동1-33번지 1층,서울 중구 퇴계로32길 24, 1층 (예장동),F42311
204-91-55032,01,20210204,99991231,N,,0,,02-2233-5785,서적 잡지 및 기타 인쇄물 도매업,8,웰북 ,신호산,02-2252-8963,서울 중구 신당동844번지 남산타운A 2상가 1층 110호,서울 중구 다산로 32, 남산타운A 2상가 1층 110호 (신당동),G46453
202-81-62727,01,20210204,99991231,N,,194.5859,kellykim@unisonsa.co.kr,02-2280-2550,화물 운송 중개 대리 및 관련 서비스업,8,유니슨해운항공(주) ,김병섭,02-2280-2500,서울 중구 필동2가47번지 201호,서울 중구 퇴계로44길 8, 201호 (필동2가),H52992
203-36-68006,01,20210204,99991231,N,,90.5983,,02-2265-4364,기타 인쇄업,10,유림문화 ,송길수,02-2268-5599,서울 중구 필동1가49-3번지 1,2층,,C18119
201-04-81297,01,20210204,99991231,N,,95.9322,,02-2277-6168,스크린 인쇄업,10,유원라미네이팅 ,채영종,02-2277-6119,서울 중구 오장동90-18번지,서울 중구 마른내로 102-1 (오장동),C18112
104-07-39752,01,20210204,99991231,,,0,psm0647@naver.com,,철물 금속 파스너 및 수공구 도매업,8,을지메탈라인 ,박상민,02-2274-6005,서울 중구 을지로4가167-1번지,서울 중구 을지로28길 1-8 (을지로4가),G46622
104-04-43686,01,20210204,99991231,N,,71.8878,,02-2267-2844,기록매체 복제업,10,이레문화사 ,현지만,02-2267-2841,서울 중구 을지로3가296-5번지 2층,서울 중구 충무로5길 6, 2층 (을지로3가),C18200
201-86-37142,01,20210204,99991231,N,,64.0126,skj8912@naver.com,02-2273-4149,금속 캔 및 기타 포장용기 제조업,10,이사야(주) ,정순권,02-2273-4148,서울 중구 쌍림동1-1번지 303호,서울 중구 퇴계로 303, 303호 (쌍림동),C25991
201-81-85974,01,20210204,99991231,N,,907.7853,ywkim@iljinpms.com,02-2268-2911,기타 산업용 기계 및 장비 도매업,8,일진피엠에스(주) ,박경재,02-2268-8200,서울 중구 필동1가51-5번지,서울 중구 충무로 2 (필동1가),G46539
201-14-97895,01,20210204,99991231,,,0,jungw7@kornet.net,02-778-8949,일반 통신 공사업,36,정우통신 ,유동환,02-778-3355,서울 중구 충무로2가12-27번지 대영빌딩 402호, 403호,서울 중구 명동8가길 47, 402호, 403호 (충무로2가,대영빌딩),F42321
203-36-72174,01,20210204,99991231,N,,23.6,jeilmhs@hanmail.net,02-2278-7036,경 인쇄업,10,제일문화사 ,이경수,02-2273-2055,서울 중구 필동3가18-6번지,서울 중구 서애로1길 6-9 (필동3가),C18111
104-09-10365,01,20210204,99991231,N,,29.882,yschae94@hanmail.net,02-2285-5128,경 인쇄업,10,젠디앤피 ,채연수,02-2272-1415,서울 중구 인현동1가11번지 2층,서울 중구 을지로20길 24-9, 2층 (인현동1가),C18111
201-06-69598,01,20210204,99991231,N,,178.7417,,02-2275-5865,경 인쇄업,10,조양출판인쇄 ,오귀붕,02-2275-5863,서울 중구 필동3가62-5번지 조양빌딩 3층,서울 중구 필동로 45, 3층 (필동3가,조양빌딩),C18111
201-15-46786,01,20210204,99991231,,,0,,02-2233-3543,전자상거래 소매업,8,조이옴므 ,이재웅,02-2233-3542,서울 중구 신당2동404-4번지 동우빌딩 2층 201호,서울 중구 청구로17길 24-11, 2층 201호 (신당동,동우빌딩),G47912
202-38-63638,01,20210204,99991231,,,0,joil1001@naver.com,02-2273-2861,의복 액세서리 및 모조 장신구 도매업,8,조일베스코 ,김장수,02-2275-2861,서울 중구 주교동19-1번지 방산종합시장 A동 1159호,서울 중구 동호로37길 20, A동 1159호 (주교동,방산종합시장),G46417
120-81-86771,01,20210204,99991231,,,0,,02-398-2250,그 외 기타 금융 지원 서비스업,6,존슨콘트롤즈코리아(유) ,윤종섭,02-2027-4884,서울 중구 초동106-9번지,서울 중구 마른내로 34 (초동),K66199
104-86-12739,01,20210204,99991231,N,,9419.9433,seung@jssa.co.kr,02-756-3981,화물 운송 중개 대리 및 관련 서비스업,8,주성씨앤에어(주) ,박진수,02-756-0295,서울 중구 필동3가62-7번지 주성빌딩 3층,서울 중구 필동로 47, 3층(필동3가, 주성빌딩),H52992
202-41-60422,01,20210204,99991231,N,,0,jang0944@korea.com,02-2277-0110,일반 전기 공사업,36,중구전력공사 ,장종만,02-2268-0944,서울 중구 주교동43-9번지,서울 중구 동호로37길 31-1,F42311
810-86-00231,01,20210204,99991231,,,0,jmkim@gmoneytrans.com,02-784-0810,그 외 기타 금융 지원 서비스업,6,지머니트랜스(주) ,김종무,02-3779-4910,서울 중구 을지로6가18-21번지 굿모닝시티쇼핑물 1501-2,서울 중구 장충단로 247, 1501-2 (을지로6가,굿모닝시티쇼핑물),K66199
201-07-45104,01,20210204,99991231,,,0,go-iam@daum.net,02-2272-5998,오프셋 인쇄업,10,지오커뮤니케이션 ,김홍준,02-2272-5989,서울 중구 묵정동27-1번지 보림빌딩 802호,서울 중구 퇴계로 264, 802호 (묵정동,보림빌딩),C18113
205-02-97991,01,20210204,99991231,,,0,qkrgiswn@hanmail.net,02-2277-9769,플라스틱 포대, 봉투 및 유사제품 제조업,13,진우케미칼 ,박헌주,02-2279-1353,서울 중구 쌍림동188,서울 중구 퇴계로 300-4 (쌍림동),C22231
202-81-63196,01,20210204,99991231,N,,0,,02-777-2783,화물 운송 중개 대리 및 관련 서비스업,8,청해해운항공(주) ,한원흠,02-777-2703,서울 중구 북창동70-1번지 범화빌딩 403-1호,서울 중구 남대문로1길 34, 403-1호 (북창동,범화빌딩),H52992
201-14-58344,01,20210204,99991231,,,0,,02-2234-8582,남녀용 겉옷 및 셔츠 도매업,8,카라앤엘리사 ,장윤주,02-2234-8582,서울 중구 신당동193-2번지 디오트 1층 1비-25호,서울 중구 다산로 293 1층 1비-25호 (신당동, 디오트),G46413
201-81-95074,01,20210204,99991231,N,,2219.6905,capo24@hanmail.net,02-2277-4143,운동 및 경기용품 도매업,8,카포상사(주) ,곽중철,02-2277-4116,서울 중구 을지로7가57번지 카포빌딩,서울 중구 을지로 282 (을지로7가,카포빌딩),G46464
201-81-57430,01,20210204,99991231,,,0,,02-771-4880,증권 중개업,6,케이아이디비채권중개(주) ,황호영,02-771-4370,서울 중구 명동1가1-1번지,서울 중구 명동11길 20 (명동1가),K66121
101-86-68796,01,20210204,99991231,,,0,,02-6924-6534,화장품 및 화장용품 도매업,8,코티코리아(주) ,이범모,02-6924-6907,서울 중구 태평로1가84번지 서울파이낸스센터 4층,서울 중구 세종대로 136, 4층 (태평로1가,서울파이낸스센터),G46443
220-12-05373,01,20210204,99991231,,,0,indihyun@naver.com,,일반의원,6,톡스앤필의원명동점 ,이현정,,서울 중구 충무로1가24-6번지 씨엠빌딩 4층,서울 중구 명동8나길 9, 4층 (충무로1가,씨엠빌딩),Q86201
201-08-80506,01,20210204,99991231,,,0,,02-3398-5308,가방 및 기타 가죽제품 소매업,8,트래블나인 ,변석경,02-3398-0831,서울 중구 을지로6가18-12번지 두타몰 4층 26호,서울 중구 장충단로 275, 4층 26호 (을지로6가,두타몰),G47440
201-16-06461,01,20210204,99991231,,,0,fourlbtech@naver.com,02-2274-5428,기타 인쇄업,10,포엘비테크 ,고정열,02-2273-5428,서울 중구 필동2가85-4번지 85-4, 85-12, 지층 지하1층,서울 중구 퇴계로36가길 18-1, 85-4, 85-12, 지층 지하1층 (필동2가),C18119
104-81-41068,01,20210204,99991231,N,,91.2484,,02-775-9416,기타 해상 운송업,18,프로밴해운(주) ,송영석,02-775-9411,서울 중구 북창동70-1번지 범화빌딩 5층,서울 중구 남대문로1길 34, 5층 (북창동,범화빌딩),H50130
201-10-43111,01,20210204,99991231,,,0,playlabel@naver.com,02-2269-7113,컴퓨터 및 주변장치 소프트웨어 도매업,8,플레이라벨 ,안현준,02-2279-7116,서울 중구 인현동1가133-3번지 1층 1층,서울 중구 마른내로4길 11-4, 1층 1층 (인현동1가),G46510
120-87-03578,01,20210204,99991231,,,0,,02-2192-1777,장난감 및 취미 오락용품 도매업,8,한국닌텐도(주) ,미우라타카히로,02-2192-1700,서울 중구 중림동419번지 센트럴플레이스 12층,서울 중구 서소문로 50, 12층 (중림동,센트럴플레이스),G46463
106-81-41079,01,20210204,99991231,,,0,boram.shin@alfalaval.co.kr,02-3406-0700,증류기 열 교환기 및 가스 발생기 제조업,12,한국알파라발(주) ,최영구,02-3406-0600,서울 중구 남대문로5가537번지 메트로타워 10층,서울 중구 퇴계로 10, 10층 (남대문로5가,메트로타워),C29176
203-81-28023,01,20210204,99991231,N,,321.6627,,02-2266-1549,시스템 소프트웨어 개발 및 공급업,9,한국토코넷(주) ,이준석,02-2275-2435,서울 중구 신당2동407-9번지 지산타운 101호 , 101호 (신당동, 지산타운),서울 중구 동호로18길 9, 101호 , 101호 (신당동, 지산타운) (신당동,지산타운),J58221
201-16-56355,01,20210204,99991231,,,0,,02-2275-0746,기타 인쇄업,10,한빛MP ,이규빈,02-2275-0745,서울 중구 을지로5가274-11번지 2층,서울 중구 동호로33길 2, 2층 (을지로5가),C18119
104-81-34801,01,20210204,99991231,N,,3652.3809,ryu@hansukin.com,02-757-1133,기타 화학 물질 및 화학제품 도매업,8,한석인터내셔날(주) ,전정욱,02-756-1181,서울 중구 봉래동1가25번지 에이치에스비씨빌딩 9층,서울 중구 칠패로 37, 9층 (봉래동1가,에이치에스비씨빌딩),G46739
203-81-48752,01,20210204,99991231,,,0,hp0001@unitel.co.kr,02-2236-3626,유리 및 창호 공사업,36,한판유리(주) ,이성우,02-2234-3626,서울 중구 신당동336-7번지,서울 중구 다산로 171 (신당동),F42420
202-81-46130,01,20210204,99991231,,,0,webmaster@hyopsung.com,02-755-0587,외항 화물 운송업,18,협성해운(주) ,왕대철,02-752-2442,서울 중구 을지로1가188-3번지,서울 중구 을지로 16 (을지로1가),H50112
201-25-60962,01,20210204,99991231,N,,0,kjw878@naver.com,02-2278-3845,오프셋 인쇄업,10,형제아트컴 ,김숙배,02-2274-2645,서울 중구 인현동1가15-4번지,서울 중구 을지로20길 24 (인현동1가),C18113
106-81-32532,01,20210204,99991231,N,,122.1968,y0ung86@nate.com,02-714-3976,여행사업,8,홍익여행(주) ,황윤하,02-717-1002,서울 중구 봉래동1가132-4번지 한일빌딩 1201호,서울 중구 통일로 26, 1201호 (봉래동1가,한일빌딩),N75210
207-01-47812,01,20210204,99991231,N,,0,,02-2231-8365,그 외 기타 특수 목적용 기계 제조업,12,화창기연 ,박병선,02-2231-8364,서울 중구 신당2동353-33번지 각산타운 301호,서울 중구 동호로11길 88-2, 301호 (신당동,각산타운),C29299
104-86-28978,01,20210204,99991231,N,,1727.7267,,02-749-2323,기타 정보 기술 및 컴퓨터 운영 관련 서비스업,9,휴먼파워(주) ,엄남한,070-4162-5989,서울 중구 쌍림동151-11번지 쌍림빌딩,서울 중구 퇴계로 286 (쌍림동,쌍림빌딩),J62090
105-87-57473,01,20210204,99991231,N,,419.3187,humane@hmlx.co.kr,02-322-5335,화물 운송 중개 대리 및 관련 서비스업,8,휴메인로지스틱스(주) ,김창연,02-322-7227,서울 중구 장교동1번지 장교빌딩 3-1호 19층 1903호,서울 중구 삼일대로 363, 19층 1903호 (장교동,장교빌딩 3-1호),H52992
202-81-54514,01,20210204,99991231,N,,283.6463,,02-2277-1019,벽지 및 장판류 도매업,8,희성산업개발(주) ,안희철,02-2267-0907,서울 중구 을지로4가30-2번지,서울 중구 을지로 165-1 (을지로4가),G46692
